{"cameraMode":{"drawMode":0,"name":"Shaded","section":"Shading Mode"},"sceneLighting":false,"audioPlay":false,"sceneViewState":{"m_AlwaysRefresh":false,"showFog":true,"showSkybox":false,"showFlares":true,"showImageEffects":true,"showParticleSystems":true,"showVisualEffectGraphs":true,"m_FxEnabled":true},"in2DMode":false,"pivot":{"x":-0.7841305732727051,"y":0.34456396102905276,"z":1.5798916816711426},"rotation":{"x":0.16423392295837403,"y":0.014795721508562565,"z":-0.0024636941961944105,"w":0.9863075613975525},"size":0.8660253882408142,"orthographic":false}