{"cameraMode":{"drawMode":0,"name":"Shaded","section":"Shading Mode"},"sceneLighting":false,"audioPlay":false,"sceneViewState":{"m_AlwaysRefresh":false,"showFog":true,"showSkybox":true,"showFlares":true,"showImageEffects":true,"showParticleSystems":true,"showVisualEffectGraphs":true,"m_FxEnabled":true},"in2DMode":false,"pivot":{"x":-3.249168872833252,"y":0.5588457584381104,"z":4.002552032470703},"rotation":{"x":-0.07791347056627274,"y":-0.015545928850769997,"z":0.0012069273507222534,"w":-0.9968646764755249},"size":14.746270179748536,"orthographic":false}